OTU ID	Distal_Colon	Jejunum
k__Bacteria|p__Actinobacteria|c__Actinomycetia|o__Bifidobacteriales|f__Bifidobacteriaceae|g__Bifidobacterium	34315	249334
k__Bacteria|p__Actinobacteria|c__Actinomycetia|o__Corynebacteriales|f__Mycobacteriaceae|g__GGB80093	0	510
k__Bacteria|p__Actinobacteria|c__Actinomycetia|o__Micromonosporales|f__Micromonosporaceae|g__Micromonospora	0	825
k__Bacteria|p__Actinobacteria|c__Actinomycetia|o__Streptomycetales|f__Streptomycetaceae|g__GGB30301	32103	0
k__Bacteria|p__Actinobacteria|c__CFGB73496|o__OFGB73496|f__FGB73496|g__GGB80032	6912	17137
k__Bacteria|p__Actinobacteria|c__Coriobacteriia|o__Coriobacteriales|f__Atopobiaceae|g__Atopobiaceae_unclassified	12582	80046
k__Bacteria|p__Actinobacteria|c__Coriobacteriia|o__Coriobacteriales|f__Coriobacteriaceae|g__Parvibacter	7177	8981
k__Bacteria|p__Actinobacteria|c__Coriobacteriia|o__Eggerthellales|f__Eggerthellaceae|g__Adlercreutzia	91840	50873
k__Bacteria|p__Actinobacteria|c__Coriobacteriia|o__Eggerthellales|f__Eggerthellaceae|g__Eggerthellaceae_unclassified	1229	2873
k__Bacteria|p__Actinobacteria|c__Coriobacteriia|o__Eggerthellales|f__Eggerthellaceae|g__Enterorhabdus	10580	14643
k__Bacteria|p__Bacteria_unclassified|c__Bacteria_unclassified|o__Bacteria_unclassified|f__Bacteria_unclassified|g__Bacteria_unclassified	230116	69244
k__Bacteria|p__Bacteria_unclassified|c__Bacteria_unclassified|o__Bacteria_unclassified|f__Bacteria_unclassified|g__GGB14001	161602	6842
k__Bacteria|p__Bacteria_unclassified|c__Bacteria_unclassified|o__Bacteria_unclassified|f__Bacteria_unclassified|g__GGB28807	7099	0
k__Bacteria|p__Bacteria_unclassified|c__Bacteria_unclassified|o__Bacteria_unclassified|f__Bacteria_unclassified|g__GGB28951	15685	1606
k__Bacteria|p__Bacteria_unclassified|c__Bacteria_unclassified|o__Bacteria_unclassified|f__Bacteria_unclassified|g__GGB28955	114438	2000
k__Bacteria|p__Bacteria_unclassified|c__Bacteria_unclassified|o__Bacteria_unclassified|f__Bacteria_unclassified|g__GGB28961	17364	1012
k__Bacteria|p__Bacteria_unclassified|c__Bacteria_unclassified|o__Bacteria_unclassified|f__Bacteria_unclassified|g__GGB28963	47638	4204
k__Bacteria|p__Bacteria_unclassified|c__Bacteria_unclassified|o__Bacteria_unclassified|f__Bacteria_unclassified|g__GGB28964	1305	0
k__Bacteria|p__Bacteria_unclassified|c__Bacteria_unclassified|o__Bacteria_unclassified|f__Bacteria_unclassified|g__GGB42601	7155	0
k__Bacteria|p__Bacteria_unclassified|c__Bacteria_unclassified|o__Bacteria_unclassified|f__Bacteria_unclassified|g__GGB79854	21431	0
k__Bacteria|p__Bacteria_unclassified|c__CFGB49426|o__OFGB49426|f__FGB49426|g__GGB28887	36986	2150
k__Bacteria|p__Bacteria_unclassified|c__CFGB49426|o__OFGB49426|f__FGB49426|g__GGB28888	21509	8430
k__Bacteria|p__Bacteria_unclassified|c__CFGB73496|o__OFGB73496|f__FGB73496|g__GGB30048	19289	20294
k__Bacteria|p__Bacteria_unclassified|c__CFGB76064|o__OFGB76064|f__FGB76064|g__GGB28897	13169	1292
k__Bacteria|p__Bacteria_unclassified|c__CFGB76064|o__OFGB76064|f__FGB76064|g__GGB28904	345558	105082
k__Bacteria|p__Bacteria_unclassified|c__CFGB76064|o__OFGB76064|f__FGB76064|g__GGB42608	6	0
k__Bacteria|p__Bacteria_unclassified|c__CFGB76138|o__OFGB76138|f__FGB76138|g__GGB79948	16758	2788
k__Bacteria|p__Bacteria_unclassified|c__CFGB76244|o__OFGB76244|f__FGB76244|g__GGB28967	489	0
k__Bacteria|p__Bacteria_unclassified|c__CFGB76311|o__OFGB76311|f__FGB76311|g__GGB28903	24825	1335
k__Bacteria|p__Bacteria_unclassified|c__CFGB76313|o__OFGB76313|f__FGB76313|g__GGB28927	33112	6871
k__Bacteria|p__Bacteria_unclassified|c__CFGB8157|o__OFGB8157|f__FGB8157|g__GGB28898	1342	0
k__Bacteria|p__Bacteria_unclassified|c__CFGB9644|o__OFGB9644|f__FGB9644|g__GGB28946	711	0
k__Bacteria|p__Bacteria_unclassified|c__CFGB9644|o__OFGB9644|f__FGB9644|g__GGB79804	14835	841
k__Bacteria|p__Bacteroidetes|c__Bacteroidia|o__Bacteroidales|f__Bacteroidaceae|g__Bacteroidaceae_unclassified	268227	289
k__Bacteria|p__Bacteroidetes|c__Bacteroidia|o__Bacteroidales|f__Bacteroidaceae|g__Bacteroides	1179382	12068
k__Bacteria|p__Bacteroidetes|c__Bacteroidia|o__Bacteroidales|f__Bacteroidaceae|g__Phocaeicola	46360	0
k__Bacteria|p__Bacteroidetes|c__Bacteroidia|o__Bacteroidales|f__Bacteroidales_unclassified|g__Bacteroidales_unclassified	413464	8815
k__Bacteria|p__Bacteroidetes|c__Bacteroidia|o__Bacteroidales|f__Bacteroidales_unclassified|g__GGB27849	78889	19593
k__Bacteria|p__Bacteroidetes|c__Bacteroidia|o__Bacteroidales|f__Barnesiellaceae|g__Barnesiella	225579	10537
k__Bacteria|p__Bacteroidetes|c__Bacteroidia|o__Bacteroidales|f__Dysgonomonadaceae|g__Dysgonomonadaceae_unclassified	0	1186
k__Bacteria|p__Bacteroidetes|c__Bacteroidia|o__Bacteroidales|f__Muribaculaceae|g__Duncaniella	585755	28687
k__Bacteria|p__Bacteroidetes|c__Bacteroidia|o__Bacteroidales|f__Muribaculaceae|g__GGB24127	0	362
k__Bacteria|p__Bacteroidetes|c__Bacteroidia|o__Bacteroidales|f__Muribaculaceae|g__GGB27898	0	516
k__Bacteria|p__Bacteroidetes|c__Bacteroidia|o__Bacteroidales|f__Muribaculaceae|g__GGB27903	0	2202
k__Bacteria|p__Bacteroidetes|c__Bacteroidia|o__Bacteroidales|f__Muribaculaceae|g__GGB27918	7265	2037
k__Bacteria|p__Bacteroidetes|c__Bacteroidia|o__Bacteroidales|f__Muribaculaceae|g__GGB28916	7498	745
k__Bacteria|p__Bacteroidetes|c__Bacteroidia|o__Bacteroidales|f__Muribaculaceae|g__GGB70852	0	310
k__Bacteria|p__Bacteroidetes|c__Bacteroidia|o__Bacteroidales|f__Muribaculaceae|g__Muribaculaceae_unclassified	939977	26463
k__Bacteria|p__Bacteroidetes|c__Bacteroidia|o__Bacteroidales|f__Muribaculaceae|g__Muribaculum	507465	60733
k__Bacteria|p__Bacteroidetes|c__Bacteroidia|o__Bacteroidales|f__Muribaculaceae|g__Paramuribaculum	191225	63746
k__Bacteria|p__Bacteroidetes|c__Bacteroidia|o__Bacteroidales|f__Odoribacteraceae|g__Odoribacter	794	0
k__Bacteria|p__Bacteroidetes|c__Bacteroidia|o__Bacteroidales|f__Prevotellaceae|g__Paraprevotella	0	1039
k__Bacteria|p__Bacteroidetes|c__Bacteroidia|o__Bacteroidales|f__Prevotellaceae|g__Prevotella	41726	1425
k__Bacteria|p__Bacteroidetes|c__Bacteroidia|o__Bacteroidales|f__Rikenellaceae|g__Alistipes	5936	141
k__Bacteria|p__Bacteroidetes|c__Bacteroidia|o__Bacteroidales|f__Rikenellaceae|g__GGB75876	11562	0
k__Bacteria|p__Bacteroidetes|c__Bacteroidia|o__Bacteroidales|f__Tannerellaceae|g__Parabacteroides	9123	756
k__Bacteria|p__Bacteroidetes|c__CFGB1791|o__OFGB1791|f__FGB1791|g__GGB27770	6644	0
k__Bacteria|p__Bacteroidetes|c__CFGB4425|o__OFGB4425|f__FGB4425|g__GGB1503	47715	1389
k__Bacteria|p__Bacteroidetes|c__CFGB4875|o__OFGB4875|f__FGB4875|g__GGB24146	29214	4656
k__Bacteria|p__Bacteroidetes|c__CFGB593|o__OFGB593|f__FGB593|g__GGB79741	4246	0
k__Bacteria|p__Bacteroidetes|c__CFGB635|o__OFGB635|f__FGB635|g__GGB27872	42631	691
k__Bacteria|p__Bacteroidetes|c__CFGB74567|o__OFGB74567|f__FGB74567|g__GGB1515	919802	47724
k__Bacteria|p__Bacteroidetes|c__CFGB75970|o__OFGB75970|f__FGB75970|g__GGB24149	29090	3760
k__Bacteria|p__Bacteroidetes|c__CFGB76004|o__OFGB76004|f__FGB76004|g__GGB28250	65339	0
k__Bacteria|p__Bacteroidetes|c__CFGB76026|o__OFGB76026|f__FGB76026|g__GGB27914	32617	1602
k__Bacteria|p__Bacteroidetes|c__CFGB76111|o__OFGB76111|f__FGB76111|g__GGB27782	4379	0
k__Bacteria|p__Bacteroidetes|c__CFGB76111|o__OFGB76111|f__FGB76111|g__GGB79628	425116	2153
k__Bacteria|p__Bacteroidetes|c__CFGB76349|o__OFGB76349|f__FGB76349|g__GGB27861	10060	119
k__Bacteria|p__Bacteroidetes|c__CFGB76719|o__OFGB76719|f__FGB76719|g__GGB23844	757244	1667
k__Bacteria|p__Bacteroidetes|c__CFGB8910|o__OFGB8910|f__FGB8910|g__GGB1824	0	328
k__Bacteria|p__Bacteroidetes|c__CFGB9382|o__OFGB9382|f__FGB9382|g__GGB27879	25271	1863
k__Bacteria|p__Bacteroidetes|c__CFGB9382|o__OFGB9382|f__FGB9382|g__GGB80101	235933	9613
k__Bacteria|p__Bacteroidetes|c__CFGB9388|o__OFGB9388|f__FGB9388|g__GGB27866	85765	9213
k__Bacteria|p__Bacteroidetes|c__CFGB9397|o__OFGB9397|f__FGB9397|g__GGB27885	308233	17253
k__Bacteria|p__Bacteroidetes|c__CFGB9508|o__OFGB9508|f__FGB9508|g__GGB27851	157093	15687
k__Bacteria|p__Bacteroidetes|c__CFGB9658|o__OFGB9658|f__FGB9658|g__GGB14022	5226	13
k__Bacteria|p__Bacteroidetes|c__Flavobacteriia|o__Flavobacteriales|f__Weeksellaceae|g__Cloacibacterium	0	2023
k__Bacteria|p__Bacteroidetes|c__Sphingobacteriia|o__Sphingobacteriales|f__Sphingobacteriaceae|g__Sphingobacterium	0	1514
k__Bacteria|p__Candidatus_Saccharibacteria|c__CFGB9318|o__OFGB9318|f__FGB9318|g__GGB73364	410	1020
k__Bacteria|p__Firmicutes|c__Bacilli|o__Bacillales|f__Bacillaceae|g__Bacillus	0	5094
k__Bacteria|p__Firmicutes|c__Bacilli|o__Bacillales|f__Bacillaceae|g__Caldibacillus	0	8333
k__Bacteria|p__Firmicutes|c__Bacilli|o__Bacillales|f__Bacillaceae|g__Metabacillus	0	6595
k__Bacteria|p__Firmicutes|c__Bacilli|o__Bacillales|f__Bacillaceae|g__Oceanobacillus	0	117
k__Bacteria|p__Firmicutes|c__Bacilli|o__Bacillales|f__Bacillaceae|g__Weizmannia	0	838
k__Bacteria|p__Firmicutes|c__Bacilli|o__Bacillales|f__Paenibacillaceae|g__Paenibacillus	0	1465
k__Bacteria|p__Firmicutes|c__Bacilli|o__Bacillales|f__Staphylococcaceae|g__GGB27929	313260	5141
k__Bacteria|p__Firmicutes|c__Bacilli|o__Bacillales|f__Staphylococcaceae|g__Staphylococcus	0	49
k__Bacteria|p__Firmicutes|c__Bacilli|o__Bacillales|f__Thermoactinomycetaceae|g__Planifilum	0	465
k__Bacteria|p__Firmicutes|c__Bacilli|o__Bacillales|f__Thermoactinomycetaceae|g__Thermoactinomyces	0	399
k__Bacteria|p__Firmicutes|c__Bacilli|o__Lactobacillales|f__Enterococcaceae|g__Enterococcus	0	12772
k__Bacteria|p__Firmicutes|c__Bacilli|o__Lactobacillales|f__Lactobacillaceae|g__GGB30141	661	0
k__Bacteria|p__Firmicutes|c__Bacilli|o__Lactobacillales|f__Lactobacillaceae|g__Lactiplantibacillus	143	373
k__Bacteria|p__Firmicutes|c__Bacilli|o__Lactobacillales|f__Lactobacillaceae|g__Lactobacillus	161528	661968
k__Bacteria|p__Firmicutes|c__Bacilli|o__Lactobacillales|f__Lactobacillaceae|g__Ligilactobacillus	66808	137335
k__Bacteria|p__Firmicutes|c__Bacilli|o__Lactobacillales|f__Lactobacillaceae|g__Limosilactobacillus	3579	29740
k__Bacteria|p__Firmicutes|c__Bacilli|o__Lactobacillales|f__Streptococcaceae|g__Lactococcus	6976	0
k__Bacteria|p__Firmicutes|c__CFGB10344|o__OFGB10344|f__FGB10344|g__GGB31793	1092	0
k__Bacteria|p__Firmicutes|c__CFGB10667|o__OFGB10667|f__FGB10667|g__GGB28981	939	0
k__Bacteria|p__Firmicutes|c__CFGB1227|o__OFGB1227|f__FGB1227|g__GGB75036	590	0
k__Bacteria|p__Firmicutes|c__CFGB1670|o__OFGB1670|f__FGB1670|g__GGB28772	1095	0
k__Bacteria|p__Firmicutes|c__CFGB1814|o__OFGB1814|f__FGB1814|g__GGB75900	2146	0
k__Bacteria|p__Firmicutes|c__CFGB28439|o__OFGB28439|f__FGB28439|g__GGB28439	4575	0
k__Bacteria|p__Firmicutes|c__CFGB28877|o__OFGB28877|f__FGB28877|g__GGB25107	4913	0
k__Bacteria|p__Firmicutes|c__CFGB28980|o__OFGB28980|f__FGB28980|g__GGB28778	887	0
k__Bacteria|p__Firmicutes|c__CFGB28980|o__OFGB28980|f__FGB28980|g__GGB28980	31557	11968
k__Bacteria|p__Firmicutes|c__CFGB30287|o__OFGB30287|f__FGB30287|g__GGB28402	1107	0
k__Bacteria|p__Firmicutes|c__CFGB48800|o__OFGB48800|f__FGB48800|g__GGB28384	45958	0
k__Bacteria|p__Firmicutes|c__CFGB49426|o__OFGB49426|f__FGB49426|g__GGB30296	3598	1327
k__Bacteria|p__Firmicutes|c__CFGB6645|o__OFGB6645|f__FGB6645|g__GGB28989	90350	17822
k__Bacteria|p__Firmicutes|c__CFGB73217|o__OFGB73217|f__FGB73217|g__GGB28956	24278	548
k__Bacteria|p__Firmicutes|c__CFGB73530|o__OFGB73530|f__FGB73530|g__GGB28825	1096	0
k__Bacteria|p__Firmicutes|c__CFGB75900|o__OFGB75900|f__FGB75900|g__GGB45977	2196	0
k__Bacteria|p__Firmicutes|c__CFGB75970|o__OFGB75970|f__FGB75970|g__GGB30408	493	0
k__Bacteria|p__Firmicutes|c__CFGB75988|o__OFGB75988|f__FGB75988|g__GGB79760	11216	109
k__Bacteria|p__Firmicutes|c__CFGB76071|o__OFGB76071|f__FGB76071|g__GGB28926	4560	6655
k__Bacteria|p__Firmicutes|c__CFGB76074|o__OFGB76074|f__FGB76074|g__GGB28948	75807	15111
k__Bacteria|p__Firmicutes|c__CFGB76074|o__OFGB76074|f__FGB76074|g__GGB28949	78993	2981
k__Bacteria|p__Firmicutes|c__CFGB76077|o__OFGB76077|f__FGB76077|g__GGB28842	15582	0
k__Bacteria|p__Firmicutes|c__CFGB76077|o__OFGB76077|f__FGB76077|g__GGB28851	4671	0
k__Bacteria|p__Firmicutes|c__CFGB76077|o__OFGB76077|f__FGB76077|g__GGB28853	1406	0
k__Bacteria|p__Firmicutes|c__CFGB76081|o__OFGB76081|f__FGB76081|g__GGB31851	31241	237
k__Bacteria|p__Firmicutes|c__CFGB76144|o__OFGB76144|f__FGB76144|g__GGB79989	81185	1372
k__Bacteria|p__Firmicutes|c__CFGB76166|o__OFGB76166|f__FGB76166|g__GGB28831	4722	0
k__Bacteria|p__Firmicutes|c__CFGB76235|o__OFGB76235|f__FGB76235|g__GGB25052	29780	0
k__Bacteria|p__Firmicutes|c__CFGB76293|o__OFGB76293|f__FGB76293|g__GGB28875	2745	0
k__Bacteria|p__Firmicutes|c__CFGB76293|o__OFGB76293|f__FGB76293|g__GGB62427	25746	5865
k__Bacteria|p__Firmicutes|c__CFGB76308|o__OFGB76308|f__FGB76308|g__GGB28881	3805	0
k__Bacteria|p__Firmicutes|c__CFGB76314|o__OFGB76314|f__FGB76314|g__GGB28793	6592	3020
k__Bacteria|p__Firmicutes|c__CFGB76322|o__OFGB76322|f__FGB76322|g__GGB28958	10606	3802
k__Bacteria|p__Firmicutes|c__CFGB76322|o__OFGB76322|f__FGB76322|g__GGB30414	5288	0
k__Bacteria|p__Firmicutes|c__CFGB76355|o__OFGB76355|f__FGB76355|g__GGB28418	2259	0
k__Bacteria|p__Firmicutes|c__CFGB76355|o__OFGB76355|f__FGB76355|g__GGB28422	24352	0
k__Bacteria|p__Firmicutes|c__CFGB76355|o__OFGB76355|f__FGB76355|g__GGB42330	222	0
k__Bacteria|p__Firmicutes|c__CFGB76511|o__OFGB76511|f__FGB76511|g__GGB28387	8508	0
k__Bacteria|p__Firmicutes|c__CFGB76565|o__OFGB76565|f__FGB76565|g__GGB42328	348	0
k__Bacteria|p__Firmicutes|c__CFGB76790|o__OFGB76790|f__FGB76790|g__GGB30302	64138	0
k__Bacteria|p__Firmicutes|c__CFGB76790|o__OFGB76790|f__FGB76790|g__GGB30303	11925	0
k__Bacteria|p__Firmicutes|c__CFGB8152|o__OFGB8152|f__FGB8152|g__GGB28864	0	280
k__Bacteria|p__Firmicutes|c__CFGB8152|o__OFGB8152|f__FGB8152|g__GGB28870	11804	731
k__Bacteria|p__Firmicutes|c__CFGB9397|o__OFGB9397|f__FGB9397|g__GGB79926	849	0
k__Bacteria|p__Firmicutes|c__CFGB9479|o__OFGB9479|f__FGB9479|g__GGB28330	4555	414
k__Bacteria|p__Firmicutes|c__CFGB9507|o__OFGB9507|f__FGB9507|g__GGB28380	214	0
k__Bacteria|p__Firmicutes|c__CFGB9508|o__OFGB9508|f__FGB9508|g__GGB28382	736	0
k__Bacteria|p__Firmicutes|c__CFGB9511|o__OFGB9511|f__FGB9511|g__GGB28388	434	0
k__Bacteria|p__Firmicutes|c__CFGB9629|o__OFGB9629|f__FGB9629|g__GGB28840	136	0
k__Bacteria|p__Firmicutes|c__CFGB9633|o__OFGB9633|f__FGB9633|g__GGB28884	3465	0
k__Bacteria|p__Firmicutes|c__CFGB9637|o__OFGB9637|f__FGB9637|g__GGB28932	1181	0
k__Bacteria|p__Firmicutes|c__CFGB9659|o__OFGB9659|f__FGB9659|g__GGB29003	2528	0
k__Bacteria|p__Firmicutes|c__CFGB9660|o__OFGB9660|f__FGB9660|g__GGB29004	11905	0
k__Bacteria|p__Firmicutes|c__CFGB9827|o__OFGB9827|f__FGB9827|g__GGB29530	3896	0
k__Bacteria|p__Firmicutes|c__CFGB9827|o__OFGB9827|f__FGB9827|g__GGB29531	13711	163
k__Bacteria|p__Firmicutes|c__Clostridia|o__Clostridia_unclassified|f__Clostridia_unclassified|g__Candidatus_Metalachnospira	726	0
k__Bacteria|p__Firmicutes|c__Clostridia|o__Clostridia_unclassified|f__Clostridia_unclassified|g__GGB28386	3539	0
k__Bacteria|p__Firmicutes|c__Clostridia|o__Clostridia_unclassified|f__Clostridia_unclassified|g__GGB28934	36248	5062
k__Bacteria|p__Firmicutes|c__Clostridia|o__Clostridia_unclassified|f__Clostridia_unclassified|g__GGB75314	245	0
k__Bacteria|p__Firmicutes|c__Clostridia|o__Eubacteriales|f__Christensenellaceae|g__GGB30455	15839	394
k__Bacteria|p__Firmicutes|c__Clostridia|o__Eubacteriales|f__Clostridiaceae|g__Clostridiaceae_unclassified	1312	0
k__Bacteria|p__Firmicutes|c__Clostridia|o__Eubacteriales|f__Clostridiaceae|g__Clostridium	27260	19
k__Bacteria|p__Firmicutes|c__Clostridia|o__Eubacteriales|f__Clostridiaceae|g__GGB28846	4042	0
k__Bacteria|p__Firmicutes|c__Clostridia|o__Eubacteriales|f__Clostridiaceae|g__GGB30145	5664	0
k__Bacteria|p__Firmicutes|c__Clostridia|o__Eubacteriales|f__Clostridiaceae|g__GGB75085	241	0
k__Bacteria|p__Firmicutes|c__Clostridia|o__Eubacteriales|f__Eubacteriaceae|g__GGB24132	64936	24223
k__Bacteria|p__Firmicutes|c__Clostridia|o__Eubacteriales|f__Eubacteriaceae|g__GGB28632	885	0
k__Bacteria|p__Firmicutes|c__Clostridia|o__Eubacteriales|f__Eubacteriaceae|g__GGB28791	2302	0
k__Bacteria|p__Firmicutes|c__Clostridia|o__Eubacteriales|f__Eubacteriales_Family_XIII_Incertae_Sedis|g__GGB27480	1461	1993
k__Bacteria|p__Firmicutes|c__Clostridia|o__Eubacteriales|f__Eubacteriales_Family_XIII_Incertae_Sedis|g__GGB73359	7568	0
k__Bacteria|p__Firmicutes|c__Clostridia|o__Eubacteriales|f__Eubacteriales_unclassified|g__Eubacteriales_unclassified	10656	1684
k__Bacteria|p__Firmicutes|c__Clostridia|o__Eubacteriales|f__Lachnospiraceae|g__Blautia	387	2989
k__Bacteria|p__Firmicutes|c__Clostridia|o__Eubacteriales|f__Lachnospiraceae|g__Dorea	14519	3711
k__Bacteria|p__Firmicutes|c__Clostridia|o__Eubacteriales|f__Lachnospiraceae|g__GGB27873	78489	4608
k__Bacteria|p__Firmicutes|c__Clostridia|o__Eubacteriales|f__Lachnospiraceae|g__GGB28763	3677	5380
k__Bacteria|p__Firmicutes|c__Clostridia|o__Eubacteriales|f__Lachnospiraceae|g__GGB28769	19376	1304
k__Bacteria|p__Firmicutes|c__Clostridia|o__Eubacteriales|f__Lachnospiraceae|g__GGB28833	391269	539639
k__Bacteria|p__Firmicutes|c__Clostridia|o__Eubacteriales|f__Lachnospiraceae|g__GGB28836	163656	78241
k__Bacteria|p__Firmicutes|c__Clostridia|o__Eubacteriales|f__Lachnospiraceae|g__GGB28844	2963	0
k__Bacteria|p__Firmicutes|c__Clostridia|o__Eubacteriales|f__Lachnospiraceae|g__GGB28865	3555	528
k__Bacteria|p__Firmicutes|c__Clostridia|o__Eubacteriales|f__Lachnospiraceae|g__GGB28957	875	0
k__Bacteria|p__Firmicutes|c__Clostridia|o__Eubacteriales|f__Lachnospiraceae|g__GGB30861	8135	9401
k__Bacteria|p__Firmicutes|c__Clostridia|o__Eubacteriales|f__Lachnospiraceae|g__GGB3793	25549	112561
k__Bacteria|p__Firmicutes|c__Clostridia|o__Eubacteriales|f__Lachnospiraceae|g__GGB42646	3458	5601
k__Bacteria|p__Firmicutes|c__Clostridia|o__Eubacteriales|f__Lachnospiraceae|g__GGB75109	8579	1655
k__Bacteria|p__Firmicutes|c__Clostridia|o__Eubacteriales|f__Lachnospiraceae|g__GGB79685	32836	0
k__Bacteria|p__Firmicutes|c__Clostridia|o__Eubacteriales|f__Lachnospiraceae|g__GGB79838	152043	189640
k__Bacteria|p__Firmicutes|c__Clostridia|o__Eubacteriales|f__Lachnospiraceae|g__Lachnospiraceae_unclassified	486826	46674
k__Bacteria|p__Firmicutes|c__Clostridia|o__Eubacteriales|f__Lachnospiraceae|g__Schaedlerella	4940	1176
k__Bacteria|p__Firmicutes|c__Clostridia|o__Eubacteriales|f__Lachnospiraceae|g__Sporofaciens	693	3957
k__Bacteria|p__Firmicutes|c__Clostridia|o__Eubacteriales|f__Oscillospiraceae|g__Anaerotruncus	11609	0
k__Bacteria|p__Firmicutes|c__Clostridia|o__Eubacteriales|f__Oscillospiraceae|g__GGB28433	17	0
k__Bacteria|p__Firmicutes|c__Clostridia|o__Eubacteriales|f__Oscillospiraceae|g__GGB28849	8424	0
k__Bacteria|p__Firmicutes|c__Clostridia|o__Eubacteriales|f__Oscillospiraceae|g__GGB30297	3664	1134
k__Bacteria|p__Firmicutes|c__Clostridia|o__Eubacteriales|f__Oscillospiraceae|g__GGB30413	12693	97
k__Bacteria|p__Firmicutes|c__Clostridia|o__Eubacteriales|f__Oscillospiraceae|g__GGB30451	3999	0
k__Bacteria|p__Firmicutes|c__Clostridia|o__Eubacteriales|f__Oscillospiraceae|g__GGB30454	148706	3050
k__Bacteria|p__Firmicutes|c__Clostridia|o__Eubacteriales|f__Oscillospiraceae|g__GGB30457	16361	24901
k__Bacteria|p__Firmicutes|c__Clostridia|o__Eubacteriales|f__Oscillospiraceae|g__GGB30459	4799	0
k__Bacteria|p__Firmicutes|c__Clostridia|o__Eubacteriales|f__Oscillospiraceae|g__GGB30461	11702	1144
k__Bacteria|p__Firmicutes|c__Clostridia|o__Eubacteriales|f__Oscillospiraceae|g__GGB30463	11614	0
k__Bacteria|p__Firmicutes|c__Clostridia|o__Eubacteriales|f__Oscillospiraceae|g__GGB30466	33891	156
k__Bacteria|p__Firmicutes|c__Clostridia|o__Eubacteriales|f__Oscillospiraceae|g__GGB30468	8502	3469
k__Bacteria|p__Firmicutes|c__Clostridia|o__Eubacteriales|f__Oscillospiraceae|g__GGB30473	11823	0
k__Bacteria|p__Firmicutes|c__Clostridia|o__Eubacteriales|f__Oscillospiraceae|g__GGB42343	565	0
k__Bacteria|p__Firmicutes|c__Clostridia|o__Eubacteriales|f__Oscillospiraceae|g__GGB45514	22589	73
k__Bacteria|p__Firmicutes|c__Clostridia|o__Eubacteriales|f__Oscillospiraceae|g__GGB45536	2546	0
k__Bacteria|p__Firmicutes|c__Clostridia|o__Eubacteriales|f__Oscillospiraceae|g__GGB45650	1629	429
k__Bacteria|p__Firmicutes|c__Clostridia|o__Eubacteriales|f__Oscillospiraceae|g__GGB5207	3310	4587
k__Bacteria|p__Firmicutes|c__Clostridia|o__Eubacteriales|f__Oscillospiraceae|g__GGB74395	7702	0
k__Bacteria|p__Firmicutes|c__Clostridia|o__Eubacteriales|f__Oscillospiraceae|g__GGB74408	15977	0
k__Bacteria|p__Firmicutes|c__Clostridia|o__Eubacteriales|f__Oscillospiraceae|g__GGB75055	2891	0
k__Bacteria|p__Firmicutes|c__Clostridia|o__Eubacteriales|f__Oscillospiraceae|g__GGB75064	12199	1189
k__Bacteria|p__Firmicutes|c__Clostridia|o__Eubacteriales|f__Oscillospiraceae|g__Neglectibacter	10362	1099
k__Bacteria|p__Firmicutes|c__Clostridia|o__Eubacteriales|f__Oscillospiraceae|g__Oscillibacter	68452	3356
k__Bacteria|p__Firmicutes|c__Clostridia|o__Eubacteriales|f__Oscillospiraceae|g__Oscillospiraceae_unclassified	23618	1456
k__Bacteria|p__Firmicutes|c__Erysipelotrichia|o__Erysipelotrichales|f__Erysipelotrichaceae|g__Erysipelatoclostridium	9239	329
k__Bacteria|p__Firmicutes|c__Erysipelotrichia|o__Erysipelotrichales|f__Erysipelotrichaceae|g__Erysipelotrichaceae_unclassified	8306	35038
k__Bacteria|p__Firmicutes|c__Erysipelotrichia|o__Erysipelotrichales|f__Erysipelotrichaceae|g__Faecalibaculum	96377	207324
k__Bacteria|p__Firmicutes|c__Erysipelotrichia|o__Erysipelotrichales|f__Erysipelotrichaceae|g__Longicatena	8379	0
k__Bacteria|p__Firmicutes|c__Negativicutes|o__Acidaminococcales|f__Acidaminococcaceae|g__Phascolarctobacterium	0	736
k__Bacteria|p__Firmicutes|c__Negativicutes|o__Selenomonadales|f__Selenomonadaceae|g__GGB27890	52229	171
k__Bacteria|p__Firmicutes|c__Negativicutes|o__Selenomonadales|f__Selenomonadaceae|g__GGB27892	326622	14484
k__Bacteria|p__Firmicutes|c__Negativicutes|o__Veillonellales|f__Veillonellaceae|g__GGB24148	602840	97150
k__Bacteria|p__Firmicutes|c__Tissierellia|o__Tissierellales|f__Peptoniphilaceae|g__GGB28437	1153	0
k__Bacteria|p__Proteobacteria|c__Betaproteobacteria|o__Burkholderiales|f__Burkholderiales_unclassified|g__Piscinibacter	3459	1981
k__Bacteria|p__Proteobacteria|c__Betaproteobacteria|o__Burkholderiales|f__Sutterellaceae|g__Parasutterella	6564	0
k__Bacteria|p__Proteobacteria|c__Betaproteobacteria|o__Burkholderiales|f__Sutterellaceae|g__Turicimonas	2775	265
k__Bacteria|p__Proteobacteria|c__Betaproteobacteria|o__Rhodocyclales|f__Zoogloeaceae|g__Zoogloea	0	396
k__Bacteria|p__Proteobacteria|c__CFGB28310|o__OFGB28310|f__FGB28310|g__GGB28310	214612	217623
k__Bacteria|p__Proteobacteria|c__CFGB76256|o__OFGB76256|f__FGB76256|g__GGB30620	1663	0
k__Bacteria|p__Proteobacteria|c__Deltaproteobacteria|o__Desulfovibrionales|f__Desulfovibrionaceae|g__Desulfovibrio	18859	104
k__Bacteria|p__Proteobacteria|c__Deltaproteobacteria|o__Desulfovibrionales|f__Desulfovibrionaceae|g__GGB28317	7112	0
k__Bacteria|p__Proteobacteria|c__Gammaproteobacteria|o__Enterobacterales|f__Enterobacteriaceae|g__Escherichia	0	4400
k__Bacteria|p__Proteobacteria|c__Gammaproteobacteria|o__Xanthomonadales|f__Xanthomonadaceae|g__Pseudoxanthomonas	0	250
k__Bacteria|p__Proteobacteria|c__Hydrogenophilalia|o__Hydrogenophilales|f__Hydrogenophilaceae|g__Tepidiphilus	0	563
k__Bacteria|p__Tenericutes|c__CFGB1791|o__OFGB1791|f__FGB1791|g__GGB31312	161717	357
k__Bacteria|p__Verrucomicrobia|c__Verrucomicrobiae|o__Verrucomicrobiales|f__Akkermansiaceae|g__Akkermansia	213364	117938
